{
  "/Barcode/GetStateCodes-181": {
    "transaction": "/Barcode/GetStateCodes-181",
    "sampleCount": 478,
    "errorCount": 1,
    "errorPct": 0.20920502,
    "meanResTime": 149.83054393305443,
    "minResTime": 13.0,
    "maxResTime": 760.0,
    "pct1ResTime": 317.0,
    "pct2ResTime": 358.04999999999995,
    "pct3ResTime": 443.77999999999963,
    "throughput": 2.4095535268705546,
    "receivedKBytesPerSec": 2.9815832433321403,
    "sentKBytesPerSec": 23.872721273761574
  },
  "/Barcode/GetStateCodes-182": {
    "transaction": "/Barcode/GetStateCodes-182",
    "sampleCount": 474,
    "errorCount": 1,
    "errorPct": 0.21097046,
    "meanResTime": 145.77426160337566,
    "minResTime": 14.0,
    "maxResTime": 535.0,
    "pct1ResTime": 301.0,
    "pct2ResTime": 342.0,
    "pct3ResTime": 418.25,
    "throughput": 2.409871321006045,
    "receivedKBytesPerSec": 2.981938715103894,
    "sentKBytesPerSec": 23.698140420761497
  },
  "/Barcode/Auth-180": {
    "transaction": "/Barcode/Auth-180",
    "sampleCount": 479,
    "errorCount": 0,
    "errorPct": 0.0,
    "meanResTime": 192.99582463465563,
    "minResTime": 45.0,
    "maxResTime": 588.0,
    "pct1ResTime": 361.0,
    "pct2ResTime": 404.0,
    "pct3ResTime": 508.9999999999999,
    "throughput": 2.408499640484918,
    "receivedKBytesPerSec": 8.47421182446362,
    "sentKBytesPerSec": 26.66380119161651
  },
  "/Barcode/Auth-180-1": {
    "transaction": "/Barcode/Auth-180-1",
    "sampleCount": 479,
    "errorCount": 0,
    "errorPct": 0.0,
    "meanResTime": 46.89770354906052,
    "minResTime": 33.0,
    "maxResTime": 132.0,
    "pct1ResTime": 61.0,
    "pct2ResTime": 84.0,
    "pct3ResTime": 120.39999999999998,
    "throughput": 2.409529462659839,
    "receivedKBytesPerSec": 4.244952532521102,
    "sentKBytesPerSec": 3.754382088053462
  },
  "/Barcode/Auth-180-0": {
    "transaction": "/Barcode/Auth-180-0",
    "sampleCount": 479,
    "errorCount": 0,
    "errorPct": 0.0,
    "meanResTime": 145.66388308977028,
    "minResTime": 9.0,
    "maxResTime": 552.0,
    "pct1ResTime": 313.0,
    "pct2ResTime": 350.0,
    "pct3ResTime": 447.39999999999986,
    "throughput": 2.4090931951918724,
    "receivedKBytesPerSec": 4.232116278667706,
    "sentKBytesPerSec": 22.916669941030023
  },
  "/wps/portal/gov/ohid/home/!ut/p/z1/04_Sj9CPykssy0xPLMnMz0vMAfIjo8zi_SzdHQ0NvQ38DEzDzA0CnQMt_MK8zQLNgwz1w8EKDHAARwP9KEL6o_ApCTQ1gCrAY0VBboRBpqOiIgC7vX2P/p0/IZ7_N9GA11K0NO2R60Q9JI075827C4=CZ6_N9GA11K0N05V70QCQ8NVK6Q7R1=LA0=Ejavax.portlet.action!submitLogin==/-58-2": {
    "transaction": "/wps/portal/gov/ohid/home/!ut/p/z1/04_Sj9CPykssy0xPLMnMz0vMAfIjo8zi_SzdHQ0NvQ38DEzDzA0CnQMt_MK8zQLNgwz1w8EKDHAARwP9KEL6o_ApCTQ1gCrAY0VBboRBpqOiIgC7vX2P/p0/IZ7_N9GA11K0NO2R60Q9JI075827C4=CZ6_N9GA11K0N05V70QCQ8NVK6Q7R1=LA0=Ejavax.portlet.action!submitLogin==/-58-2",
    "sampleCount": 10,
    "errorCount": 0,
    "errorPct": 0.0,
    "meanResTime": 339.20000000000005,
    "minResTime": 205.0,
    "maxResTime": 747.0,
    "pct1ResTime": 718.4000000000001,
    "pct2ResTime": 747.0,
    "pct3ResTime": 747.0,
    "throughput": 0.18439977872026553,
    "receivedKBytesPerSec": 11.767010879586945,
    "sentKBytesPerSec": 0.16729237737414715
  },
  "/wps/portal/gov/ohid/home/!ut/p/z1/04_Sj9CPykssy0xPLMnMz0vMAfIjo8zi_SzdHQ0NvQ38DEzDzA0CnQMt_MK8zQLNgwz1w8EKDHAARwP9KEL6o_ApCTQ1gCrAY0VBboRBpqOiIgC7vX2P/p0/IZ7_N9GA11K0NO2R60Q9JI075827C4=CZ6_N9GA11K0N05V70QCQ8NVK6Q7R1=LA0=Ejavax.portlet.action!submitLogin==/-58-1": {
    "transaction": "/wps/portal/gov/ohid/home/!ut/p/z1/04_Sj9CPykssy0xPLMnMz0vMAfIjo8zi_SzdHQ0NvQ38DEzDzA0CnQMt_MK8zQLNgwz1w8EKDHAARwP9KEL6o_ApCTQ1gCrAY0VBboRBpqOiIgC7vX2P/p0/IZ7_N9GA11K0NO2R60Q9JI075827C4=CZ6_N9GA11K0N05V70QCQ8NVK6Q7R1=LA0=Ejavax.portlet.action!submitLogin==/-58-1",
    "sampleCount": 479,
    "errorCount": 0,
    "errorPct": 0.0,
    "meanResTime": 106.81210855949891,
    "minResTime": 9.0,
    "maxResTime": 724.0,
    "pct1ResTime": 132.0,
    "pct2ResTime": 142.0,
    "pct3ResTime": 184.7999999999999,
    "throughput": 2.4084027613670074,
    "receivedKBytesPerSec": 134.3692541571973,
    "sentKBytesPerSec": 2.938874367102928
  },
  "/wps/portal/gov/ohid/home/!ut/p/z1/04_Sj9CPykssy0xPLMnMz0vMAfIjo8zi_SzdHQ0NvQ38DEzDzA0CnQMt_MK8zQLNgwz1w8EKDHAARwP9KEL6o_ApCTQ1gCrAY0VBboRBpqOiIgC7vX2P/p0/IZ7_N9GA11K0NO2R60Q9JI075827C4=CZ6_N9GA11K0N05V70QCQ8NVK6Q7R1=LA0=Ejavax.portlet.action!submitLogin==/-58-0": {
    "transaction": "/wps/portal/gov/ohid/home/!ut/p/z1/04_Sj9CPykssy0xPLMnMz0vMAfIjo8zi_SzdHQ0NvQ38DEzDzA0CnQMt_MK8zQLNgwz1w8EKDHAARwP9KEL6o_ApCTQ1gCrAY0VBboRBpqOiIgC7vX2P/p0/IZ7_N9GA11K0NO2R60Q9JI075827C4=CZ6_N9GA11K0N05V70QCQ8NVK6Q7R1=LA0=Ejavax.portlet.action!submitLogin==/-58-0",
    "sampleCount": 479,
    "errorCount": 0,
    "errorPct": 0.0,
    "meanResTime": 22.707724425887264,
    "minResTime": 11.0,
    "maxResTime": 405.0,
    "pct1ResTime": 34.0,
    "pct2ResTime": 54.0,
    "pct3ResTime": 293.79999999999995,
    "throughput": 2.405995398973308,
    "receivedKBytesPerSec": 2.6173077762248473,
    "sentKBytesPerSec": 3.118484874313111
  },
  "/wps/portal/gov/ohid-7-0": {
    "transaction": "/wps/portal/gov/ohid-7-0",
    "sampleCount": 471,
    "errorCount": 0,
    "errorPct": 0.0,
    "meanResTime": 30.307855626326955,
    "minResTime": 9.0,
    "maxResTime": 102.0,
    "pct1ResTime": 39.0,
    "pct2ResTime": 67.59999999999991,
    "pct3ResTime": 80.55999999999995,
    "throughput": 2.3800259731072226,
    "receivedKBytesPerSec": 1.9491772392961997,
    "sentKBytesPerSec": 2.1186003246006764
  },
  "/wps/portal/gov/ohid-7-1": {
    "transaction": "/wps/portal/gov/ohid-7-1",
    "sampleCount": 471,
    "errorCount": 0,
    "errorPct": 0.0,
    "meanResTime": 295.39702760084896,
    "minResTime": 175.0,
    "maxResTime": 2055.0,
    "pct1ResTime": 394.8,
    "pct2ResTime": 413.79999999999995,
    "pct3ResTime": 561.9599999999991,
    "throughput": 2.3769391483391704,
    "receivedKBytesPerSec": 150.14961138180405,
    "sentKBytesPerSec": 2.1204950206026627
  },
  "/Barcode/GetCities-201": {
    "transaction": "/Barcode/GetCities-201",
    "sampleCount": 473,
    "errorCount": 0,
    "errorPct": 0.0,
    "meanResTime": 165.96617336152218,
    "minResTime": 19.0,
    "maxResTime": 619.0,
    "pct1ResTime": 332.0000000000001,
    "pct2ResTime": 374.0,
    "pct3ResTime": 462.3399999999999,
    "throughput": 2.3869961697038207,
    "receivedKBytesPerSec": 1.8974754708387793,
    "sentKBytesPerSec": 23.998849594324195
  },
  "/Barcode/GetCities-200": {
    "transaction": "/Barcode/GetCities-200",
    "sampleCount": 474,
    "errorCount": 1,
    "errorPct": 0.21097046,
    "meanResTime": 161.30168776371303,
    "minResTime": 19.0,
    "maxResTime": 528.0,
    "pct1ResTime": 329.5,
    "pct2ResTime": 361.25,
    "pct3ResTime": 446.75,
    "throughput": 2.3898717838829873,
    "receivedKBytesPerSec": 1.9184863940540595,
    "sentKBytesPerSec": 24.070931041610997
  },
  "/Barcode/GetCities-202": {
    "transaction": "/Barcode/GetCities-202",
    "sampleCount": 473,
    "errorCount": 0,
    "errorPct": 0.0,
    "meanResTime": 162.61310782241014,
    "minResTime": 19.0,
    "maxResTime": 468.0,
    "pct1ResTime": 319.0000000000001,
    "pct2ResTime": 361.89999999999986,
    "pct3ResTime": 424.78,
    "throughput": 2.384649511978705,
    "receivedKBytesPerSec": 1.8956100612799467,
    "sentKBytesPerSec": 23.979913825862607
  },
  "/Barcode/Auth-210": {
    "transaction": "/Barcode/Auth-210",
    "sampleCount": 471,
    "errorCount": 0,
    "errorPct": 0.0,
    "meanResTime": 538.7346072186833,
    "minResTime": 107.0,
    "maxResTime": 2329.0,
    "pct1ResTime": 936.6,
    "pct2ResTime": 1071.1999999999998,
    "pct3ResTime": 1891.3999999999978,
    "throughput": 2.377983207702444,
    "receivedKBytesPerSec": 9.307574898897848,
    "sentKBytesPerSec": 66.4509249474294
  },
  "/wps/portal/gov/ohid-7": {
    "transaction": "/wps/portal/gov/ohid-7",
    "sampleCount": 481,
    "errorCount": 0,
    "errorPct": 0.0,